,time,label
0,0.0,0
1,0.5342662334442139,0
2,1.0489811897277832,0
3,1.5596134662628174,0
4,2.087193012237549,0
5,2.590932607650757,0
6,3.1238744258880615,0
7,3.6528286933898926,0
8,4.168994903564453,0
9,4.692322254180908,0
10,5.23218035697937,0
